Question No.,Question,Answer,Category,Difficulty
1,What is the difference between a stack and a queue?,"A stack is a LIFO (Last In, First Out) structure, while a queue is a FIFO (First In, First Out) structure.",Software Engineer,Easy
2,Explain the concept of recursion with an example.,Recursion is a process where a function calls itself directly or indirectly. Example: Calculating factorial of a number.,Software Engineer,Easy
3,What are the four pillars of Object-Oriented Programming?,"The four pillars are encapsulation, inheritance, polymorphism, and abstraction.",Software Engineer,Medium
4,How does garbage collection work in Java?,"Garbage collection automatically deallocates memory by removing objects no longer in use, preventing memory leaks.",Software Engineer,Medium
5,Design a simple URL shortening service.,"The service would map a long URL to a short URL using hashing or an incremental ID, stored in a database. It should handle collisions and ensure scalability.",Software Engineer,Hard
6,What are the basic data structures used in computer science?,"Common data structures include arrays, linked lists, stacks, queues, hash tables, trees, and graphs.",Software Engineer,Easy
7,What is the purpose of an index in a database?,An index improves query performance by allowing the database to locate rows more quickly.,Software Engineer,Easy
8,Explain the concept of inheritance in OOP.,"Inheritance allows one class to acquire properties and behaviors of another class, promoting code reuse.",Software Engineer,Easy
9,What is the difference between synchronous and asynchronous programming?,"Synchronous programming executes tasks sequentially, while asynchronous allows non-blocking, parallel task execution.",Software Engineer,Medium
10,What are the main principles of SOLID design?,"SOLID principles include Single Responsibility, Open-Closed, Liskov Substitution, Interface Segregation, and Dependency Inversion.",Software Engineer,Medium
11,"What is multithreading, and why is it used?","Multithreading allows a program to perform multiple tasks concurrently, improving performance for I/O-heavy and parallelizable tasks.",Software Engineer,Medium
12,How would you implement a thread-safe singleton pattern in Java?,Use the 'synchronized' keyword or implement the Singleton using an enum.,Software Engineer,Medium
13,Explain how you would design a distributed caching system.,"Distributed caching requires multiple nodes working together, key-based partitioning, replication for fault tolerance, and consistency strategies.",Software Engineer,Hard
14,What is the purpose of dependency injection?,It helps to manage object creation and promotes decoupling by allowing dependency inversion.,Software Engineer,Medium
15,Describe the process of database normalization.,"Normalization organizes data into tables to reduce redundancy and improve integrity, progressing through normal forms.",Software Engineer,Medium
16,What is the difference between REST and GraphQL?,"REST uses fixed endpoints, while GraphQL allows clients to specify the data they need using queries.",Software Engineer,Medium
17,What are the advantages of using microservices over monolithic architecture?,"Advantages include scalability, modular development, fault isolation, and independent deployments.",Software Engineer,Hard
18,What is the difference between supervised and unsupervised learning?,"Supervised learning uses labeled data, while unsupervised learning finds patterns in unlabeled data.",Data Scientist,Easy
19,Explain the Central Limit Theorem.,The CLT states that the sampling distribution of the mean approaches a normal distribution as the sample size grows.,Data Scientist,Medium
20,How do you handle missing data in a dataset?,"Methods include removing rows/columns, imputing with mean/median/mode, or using advanced techniques like KNN imputation.",Data Scientist,Medium
21,Describe the steps in building a machine learning model.,"Steps include data cleaning, feature selection, model training, hyperparameter tuning, and evaluation.",Data Scientist,Medium
22,Explain the concept of overfitting and how to prevent it.,"Overfitting happens when a model performs well on training data but poorly on unseen data. Prevention methods include cross-validation, regularization, and pruning.",Data Scientist,Hard
23,What is the difference between correlation and causation?,"Correlation indicates a relationship between variables, while causation shows that one variable causes the other.",Data Scientist,Easy
24,What is a confusion matrix?,"A confusion matrix evaluates classification models by displaying true positives, false positives, true negatives, and false negatives.",Data Scientist,Easy
25,What are some common feature scaling techniques?,Standardization (Z-score normalization) and Min-Max scaling are commonly used techniques.,Data Scientist,Easy
26,"What is PCA, and when is it used?",Principal Component Analysis (PCA) reduces dimensionality while retaining most variance in the data.,Data Scientist,Medium
27,Explain the difference between bagging and boosting.,"Bagging combines models independently to reduce variance, while boosting combines models sequentially to reduce bias.",Data Scientist,Medium
28,"What is a recommendation system, and how does it work?","A recommendation system predicts user preferences using techniques like collaborative filtering, content-based filtering, or hybrid methods.",Data Scientist,Hard
29,How do you handle imbalanced datasets?,"Techniques include resampling (oversampling/undersampling), using weighted classes, or employing advanced algorithms like SMOTE.",Data Scientist,Hard
30,What are the assumptions of a linear regression model?,"Assumptions include linearity, independence, homoscedasticity, no multicollinearity, and normally distributed residuals.",Data Scientist,Hard
31,Explain k-means clustering and its limitations.,K-means groups data into clusters based on distance to centroids but struggles with non-linear separations and outliers,Data Scientist,Medium
32,Describe how to identify multicollinearity in a dataset.,Use variance inflation factors (VIF) or correlation matrices to identify highly correlated independent variables.,Data Scientist,Medium
33,What is the role of a Product Manager?,"A Product Manager defines the product vision, prioritizes features, and ensures alignment between business goals and development teams.",Product Manager,Easy
34,How would you handle conflicting stakeholder requirements?,"By prioritizing based on business value, feasibility, and user impact, and facilitating clear communication.",Product Manager,Medium
35,Explain the difference between Agile and Waterfall methodologies.,"Agile is iterative and flexible, while Waterfall is sequential with defined stages like design, development, and testing.",Product Manager,Medium
36,What tools and frameworks do you use for prioritizing features?,"Tools like Jira or Trello and frameworks like MoSCoW, RICE, or Kano Model help evaluate and prioritize feature importance.",Product Manager,Easy
37,How do you measure product success?,"By tracking KPIs like user engagement, Net Promoter Score (NPS), revenue growth, churn rate, and customer satisfaction metrics.",Product Manager,Medium
38,"What is the Product Lifecycle, and why is it important?","The Product Lifecycle consists of introduction, growth, maturity, and decline phases. It's critical for strategy and resource allocation.",Product Manager,Medium
39,How would you create a product roadmap?,"Identify product goals, prioritize features, set milestones, and align roadmap timelines with stakeholder expectations.",Product Manager,Medium
40,How do you perform market research?,"Analyze competitor offerings, conduct user surveys, track industry trends, and study customer feedback to identify market gaps.",Product Manager,Medium
41,"What is A/B testing, and how is it used in product management?",A/B testing compares two versions of a feature or product to determine which performs better based on user data.,Product Manager,Medium
42,How do you balance long-term strategy with short-term goals?,By aligning tactical efforts with overarching business objectives while maintaining flexibility to adapt.,Product Manager,Hard
43,How do you approach creating a Minimum Viable Product (MVP)?,"Identify the core functionality that solves a user problem, build it with minimal effort, and gather feedback for improvements.",Product Manager,Medium
44,What’s your approach to managing cross-functional teams?,"Facilitate clear communication, set shared goals, address team conflicts, and ensure alignment with deadlines.",Product Manager,Medium
45,How do you decide between two competing features for a release?,"Compare based on user impact, cost, technical feasibility, and alignment with product vision and business goals.",Product Manager,Hard
46,What strategies would you use to increase customer retention?,"Improving user experience, providing strong customer support, offering loyalty programs, and conducting regular updates based on feedback.",Product Manager,Hard
47,What is the purpose of wireframes in UX design?,Wireframes serve as blueprints to outline the layout and functionality of a page or product.,UX Designer,Easy
48,What is usability testing?,Usability testing evaluates a product's user-friendliness by observing real users performing tasks.,UX Designer,Medium
49,How would you design for accessibility?,"By following guidelines like WCAG, ensuring text readability, providing alt text for images, and supporting keyboard navigation.",UX Designer,Hard
50,What is user-centered design (UCD)?,"UCD is a design process that prioritizes the needs, preferences, and limitations of end users at each stage of design.",UX Designer,Easy
51,What tools do you use for wireframing and prototyping?,"Common tools include Figma, Sketch, Adobe XD, and Axure for creating low- to high-fidelity prototypes.",UX Designer,Easy
52,Explain the difference between usability and accessibility in design.,"Usability focuses on ease of use for all users, while accessibility ensures usability for people with disabilities.",UX Designer,Medium
53,How do you conduct a usability test?,"Select participants, create tasks, observe their interactions, collect feedback, and analyze results to identify improvements.",UX Designer,Medium
54,"What is a design system, and why is it important?",A design system is a collection of reusable UI components and guidelines to ensure consistency across products.,UX Designer,Medium
55,Describe the Double Diamond design process.,"t consists of four stages: Discover (research), Define (synthesize), Develop (ideate), and Deliver (implement).",UX Designer,Medium
56,How do you prioritize features during the design process?,"Use frameworks like MoSCoW or prioritize based on user research, technical feasibility, and business impact.",UX Designer,Medium
57,How do you approach designing for a new product?,"tart with user research, define personas, sketch initial designs, test prototypes, and iterate based on feedback.",UX Designer,Medium
58,What is the importance of microinteractions in UX design?,"Microinteractions enhance user engagement by providing subtle feedback, making the interface feel responsive and intuitive.",UX Designer,Medium
59,How do you design for mobile-first applications?,"Prioritize essential content, design for smaller screens, ensure touch-friendly interactions, and optimize performance.",UX Designer,Medium
60,"What are heuristics in UX, and how are they used?","Heuristics are usability guidelines (e.g., Nielsen's 10 heuristics) used to evaluate and improve interface designs.",UX Designer,Hard
61,How do you ensure cross-cultural design inclusivity?,"Use neutral imagery, support multiple languages, account for cultural preferences, and test designs with diverse users.",UX Designer,Hard
62,What are the challenges of designing for AR/VR experiences?,"Challenges include ensuring intuitive interactions, minimizing motion sickness, and creating immersive but user-friendly experiences.",UX Designer,Hard
63,What is the difference between REST and GraphQL?,"REST uses fixed endpoints, while GraphQL allows clients to specify the data they need using queries.",Full Stack Developer,Medium
64,Explain the MVC architecture.,"MVC stands for Model-View-Controller. The model manages data, the view displays it, and the controller handles user input.",Full Stack Developer,Easy
65,How do you ensure application scalability?,"By using load balancers, optimizing database queries, caching, and designing stateless services.",Full Stack Developer,Hard
66,What is a REST API?,"REST (Representational State Transfer) is an architectural style for building APIs that use HTTP methods like GET, POST, PUT, and DELETE for CRUD operations.",Full Stack Developer,Easy
67,What is the difference between server-side rendering (SSR) and client-side rendering (CSR)?,"SSR generates HTML on the server before sending it to the client, while CSR loads a bare HTML shell and uses JavaScript to render content dynamically.",Full Stack Developer,Medium
68,Explain the Model-View-Controller (MVC) architecture.,"MVC is a design pattern that separates an application into three components: Model (data), View (UI), and Controller (logic).",Full Stack Developer,Easy
69,What is the role of a reverse proxy?,"A reverse proxy routes client requests to backend servers, improving load balancing, security, and caching.",Full Stack Developer,Medium
70,How do you optimize the performance of a web application?,"Techniques include caching, minimizing HTTP requests, lazy loading, compressing assets, and optimizing database queries.",Full Stack Developer,Medium
71,"What is CORS, and why is it important?",CORS (Cross-Origin Resource Sharing) is a browser mechanism that allows or restricts resources from being requested from a different origin.,Full Stack Developer,Medium
72,How would you implement authentication in a web app?,"Use JWT (JSON Web Tokens), OAuth, or session-based authentication, along with secure password hashing like bcrypt.",Full Stack Developer,Medium
73,What is the difference between NoSQL and SQL databases?,"SQL databases are structured and use tables, while NoSQL databases are schema-less and suited for unstructured data.",Full Stack Developer,Easy
74,How would you handle scaling a web application?,"Use horizontal scaling (adding servers), vertical scaling (upgrading hardware), database sharding, and load balancers.",Full Stack Developer,Hard
75,"What are WebSockets, and when would you use them?","WebSockets enable full-duplex communication between a client and server, ideal for real-time applications like chat apps.",Full Stack Developer,Medium
76,Explain middleware in the context of web development.,"Middleware is software that processes requests and responses in a web server, handling tasks like authentication and logging.",Full Stack Developer,Medium
77,"What is Docker, and why is it useful in development?","Docker is a containerization platform that packages applications with their dependencies, ensuring consistency across environments.",Full Stack Developer,Hard
78,How would you debug a memory leak in a Node.js application?,"Use tools like Chrome DevTools or Node.js profiler, monitor heap usage, and identify unreferenced closures or global variables.",Full Stack Developer,Hard
79,What is the difference between monolithic and microservices architecture?,"A monolith is a single unified application, while microservices are smaller, independently deployable components that communicate via APIs.",Full Stack Developer,Medium
80,What is the difference between CSS Grid and Flexbox?,"CSS Grid is best for 2D layouts, while Flexbox is ideal for 1D layouts like rows or columns.",Frontend Developer,Easy
81,What is the role of a virtual DOM in React?,The virtual DOM improves performance by minimizing direct DOM manipulation and updating only changed elements.,Frontend Developer,Medium
82,Explain how you would optimize a website's performance.,"By minimizing HTTP requests, compressing images, implementing lazy loading, and using a CDN.",Frontend Developer,Hard
83,What are the key differences between HTML and XHTML?,"XHTML is stricter with syntax (e.g., all tags must close), while HTML is more lenient and flexible.",Frontend Developer,Easy
84,"What are semantic HTML elements, and why are they important?","Semantic elements (e.g., <header>, <footer>) describe their purpose, improving accessibility and SEO.",Frontend Developer,Easy
85,How does the box model work in CSS?,"The box model includes content, padding, border, and margin, defining how elements are sized and spaced.",Frontend Developer,Easy
86,What are pseudo-classes in CSS?,"Pseudo-classes define the state of an element, such as :hover for mouse interactions or :nth-child() for selecting elements.",Frontend Developer,Easy
87,How do you improve web application performance?,"Techniques include code splitting, image optimization, lazy loading, and using a Content Delivery Network (CDN).",Frontend Developer,Medium
88,vWhat are Single Page Applications (SPAs)?,"SPAs load a single HTML page and dynamically update content without reloading, using JavaScript frameworks like Angular or React.",Frontend Developer,Medium
89,How do you manage state in a React application?,"State management can be handled with React's useState and useReducer hooks, or external libraries like Redux.",Frontend Developer,Medium
90,What is the purpose of Webpack?,"Webpack is a module bundler that compiles JavaScript, CSS, and other assets into a single file for efficient delivery.",Frontend Developer,Medium
91,What is Progressive Web App (PWA)?,"PWAs are web applications that use modern web capabilities to provide app-like experiences, including offline access and push notifications.",Frontend Developer,Medium
92,How does CSS specificity work?,"Specificity determines which CSS rule is applied, with inline styles being the most specific, followed by IDs, classes, and elements.",Frontend Developer,Medium
93,How would you implement dark mode for a website?,Use CSS variables for colors and toggle themes via JavaScript or prefers-color-scheme media query.,Frontend Developer,Hard
94,What are some best practices for responsive web design?,"Use fluid grids, media queries, flexible images, and mobile-first design principles.",Frontend Developer,Medium
95,How does React’s reconciliation process work?,React uses a diffing algorithm to compare the virtual DOM with the real DOM and updates only the parts that have changed.,Frontend Developer,Hard
96,"What is an API, and why is it important in backend development?",An API (Application Programming Interface) allows communication between different software systems by exposing endpoints for operations.,Backend Developer,Easy
97,What is database normalization?,Database normalization is the process of organizing data to reduce redundancy and improve data integrity by dividing tables into smaller ones.,Backend Developer,Medium
98,Explain the difference between SQL and NoSQL databases.,"SQL databases are relational and use structured query language, while NoSQL databases are non-relational and store unstructured data like JSON or key-value pairs.",Backend Developer,Easy
99,How do you ensure database transactions are ACID compliant?,"Transactions are ACID compliant if they meet Atomicity, Consistency, Isolation, and Durability, often implemented using transactional management in SQL databases.",Backend Developer,Medium
100,"What is load balancing, and why is it necessary?",Load balancing distributes incoming network traffic across multiple servers to ensure reliability and prevent overloading any one server.,Backend Developer,Medium
101,How do you design a scalable backend system?,"Use strategies like horizontal scaling, microservices, caching, database sharding, and load balancers.",Backend Developer,Hard
102,What is the difference between synchronous and asynchronous programming?,"Synchronous programming executes tasks sequentially, while asynchronous programming allows tasks to run concurrently, improving performance.",Backend Developer,Medium
103,Explain the concept of a message queue.,"A message queue is a system that enables asynchronous communication between components, often used for decoupling microservices.",Backend Developer,Medium
104,How do you secure a REST API?,"Use HTTPS, implement authentication (e.g., OAuth, JWT), validate input, and limit the rate of requests.",Backend Developer,Medium
105,What are the common HTTP status codes and their meanings?,"Examples: 200(OK): Successfult request, 404(Not Found): Resource Not found, 500(Internal Server Error):Server Issue",Backend Developer,Easy
106,What is a monolithic vs. microservices architecture?,"Monolithic is a single-tiered application, while microservices split functionalities into independent, deployable modules.",Backend Developer,Medium
107,Explain caching and its importance in backend development.,"Caching stores data temporarily to improve response time and reduce server load, using tools like Redis or Memcached.",Backend Developer,Medium
108,How does indexing work in databases?,Indexing creates a data structure to improve the speed of data retrieval operations by mapping keys to data locations.,Backend Developer,Hard
109,How do you handle large file uploads in a backend system?,"Use techniques like chunked uploads, file streams, or cloud storage solutions like AWS S3.",Backend Developer,Hard
110,"What is a WebSocket, and when would you use it?","WebSockets enable full-duplex communication, ideal for real-time applications like live chat or notifications.",Backend Developer,Medium
111,"What is overfitting, and how do you prevent it?","Overfitting occurs when a model performs well on training data but poorly on unseen data. Use techniques like cross-validation, regularization, or increasing training data.",ML Engineer,Medium
112,What is the difference between supervised and unsupervised learning?,"Supervised learning uses labeled data, while unsupervised learning works with unlabeled data to find patterns or clusters.",ML Engineer,Easy
113,How do you handle imbalanced datasets?,"Use techniques like oversampling, undersampling, or applying algorithms like SMOTE to balance the dataset.",ML Engineer,Medium
114,Explain the bias-variance tradeoff.,"High bias leads to underfitting, while high variance causes overfitting. The tradeoff involves finding a balance between both.",ML Engineer,Medium
115,"What is cross-validation, and why is it used?",Cross-validation splits data into training and testing sets multiple times to evaluate model performance reliably.,ML Engineer,Medium
116,How do you choose the right evaluation metric for a classification problem?,"Use metrics like accuracy, precision, recall, F1-score, or ROC-AUC based on the problem's priorities (e.g., minimizing false positives).",ML Engineer,Medium
117,What is a confusion matrix?,"A confusion matrix is a table summarizing the performance of a classification model, showing true positives, false positives, true negatives, and false negatives.",ML Engineer,Easy
118,How do you deploy a machine learning model?,"Package the model into a REST API using Flask or FastAPI, or deploy it using platforms like AWS SageMaker or TensorFlow Serving.",ML Engineer,Medium
119,"What are hyperparameters, and how do you optimize them?","Hyperparameters are settings that control the learning process, optimized using techniques like grid search or random search.",ML Engineer,Medium
120,What is the difference between bagging and boosting?,"Bagging reduces variance by averaging predictions from multiple models, while boosting reduces bias by sequentially correcting weak models.",ML Engineer,Hard
121,What is feature engineering?,"Feature engineering involves creating, transforming, or selecting features to improve model performance.",ML Engineer,Medium
122,How do you handle missing data in a dataset?,"Handle missing data using techniques like mean/mode imputation, removing affected rows, or using algorithms that can handle missing values.",ML Engineer,Easy
123,What is the purpose of a learning rate in gradient descent?,"The learning rate determines the step size in gradient descent, balancing convergence speed and stability.",ML Engineer,Medium
124,What is an ensemble method in machine learning?,"Ensemble methods combine multiple models to improve performance, such as random forests or gradient boosting.",ML Engineer,Medium
125,How would you explain a trained model to a non-technical stakeholder?,"Use visualizations (e.g., feature importance charts) and analogies to simplify how the model makes predictions.",ML Engineer,Hard
126,What is the difference between correlation and causation?,"Correlation indicates a relationship between variables, while causation implies one variable directly affects another.",Data Analyst,Easy
127,What are the common data cleaning techniques?,"Examples include handling missing values, removing duplicates, standardizing formats, and identifying outliers.",Data Analyst,Easy
128,How do you deal with outliers in a dataset?,"Use techniques like z-scores, IQR (Interquartile Range), or robust statistical methods to identify and address outliers.",Data Analyst,Medium
129,What is the difference between descriptive and inferential statistics?,"Descriptive statistics summarize data, while inferential statistics draw conclusions or predictions from data.",Data Analyst,Easy
130,How do you visualize categorical vs. numerical data?,Use bar charts or pie charts for categorical data and histograms or box plots for numerical data.,Data Analyst,Medium
131,Explain the concept of A/B testing.,A/B testing compares two versions of a webpage or feature to determine which performs better based on a metric.,Data Analyst,Medium
132,What is data normalization?,"Data normalization scales values to a common range (e.g., 0 to 1) to avoid bias in models due to varying scales.",Data Analyst,Medium
133,How do you ensure data integrity in a dataset?,"Validate data inputs, use constraints, and perform regular audits to prevent errors or inconsistencies.",Data Analyst,Hard
134,"What is a pivot table, and how is it useful?","A pivot table is a tool to summarize and analyze data, often used for aggregations like sums, averages, or counts.",Data Analyst,Easy
135,"What is the Pareto principle, and how does it apply to data analysis?","The Pareto principle (80/20 rule) states that 80% of effects come from 20% of causes, helping focus on impactful data points.",Data Analyst,Medium
136,Explain SQL Joins and their types.,"Joins combine rows from two tables based on a condition. Types: INNER JOIN, LEFT JOIN, RIGHT JOIN, FULL OUTER JOIN.",Data Analyst,Medium
137,How do you handle large datasets for analysis?,"Use techniques like sampling, indexing, or leveraging big data tools (e.g., Hadoop, Spark).",Data Analyst,Hard
138,What is the difference between primary and foreign keys in a database?,"A primary key uniquely identifies a row, while a foreign key establishes relationships between tables.",Data Analyst,Easy
139,What is time series analysis?,"Time series analysis studies data points collected over time to identify trends, seasonality, and forecasting.",Data Analyst,Medium
140,How do you assess the quality of data visualization?,"Ensure clarity, relevance, accuracy, and simplicity while avoiding misleading representations.",Data Analyst,Medium
